nct_id,contact_type,email,phone,phone_extension
NCT05433584,primary,,205-408-4134,
NCT05433584,primary,,480-588-7752,
NCT05433584,primary,,818-222-6868,
NCT05433584,primary,,323-588-1990,
NCT05433584,primary,,619-567-1550,
NCT05433584,primary,,916-434-8230,
NCT05433584,primary,,2134132500,
NCT05433584,primary,,909-590-8409,
NCT05433584,primary,,818-487-3741,
NCT05433584,primary,,8185326880,
NCT05433584,primary,,909-469-8626,
NCT05433584,primary,,213-413-2500,
NCT05433584,primary,,203-374-9816,
NCT05433584,primary,,561-756-8206,
NCT05433584,primary,,3054455637,
NCT05433584,primary,,954-582-7007,
NCT05433584,primary,,404-251-8961,
NCT05433584,primary,,7705345154,
NCT05433584,primary,,515-329-6800,
NCT05433584,primary,,8122052475,
NCT05433584,primary,,2709044334,
NCT05433584,primary,,270-685-4589,
NCT05433584,primary,,508-672-7450,
NCT05433584,primary,,601-497-8935,
NCT05433584,primary,,636-387-5100,
NCT05433584,primary,,4178837889,
NCT05433584,primary,,716-535-1850,
NCT05433584,primary,,2522225700,
NCT05433584,primary,,541-754-1398,
NCT05433584,primary,,215-740-6385,
NCT05433584,primary,,724-912-0033,
NCT05433584,primary,,8643340141,
NCT05433584,primary,,864-515-0092,
NCT05433584,primary,,972-566-7799,
NCT05433584,primary,,00541150319914,
NCT05433584,primary,,0223155189482,
NCT05433584,primary,,5493415597777,
NCT05433584,primary,,5491144796383,
NCT05433584,primary,,541149635650,
NCT05433584,primary,,2503833311,
NCT05433584,primary,,15193446612,
NCT05433584,primary,,9056403100,
NCT05433584,primary,,420606703809,
NCT05433584,primary,,420224810592,
NCT05433584,primary,,420272917011,
NCT05433584,primary,,420257211886,
NCT05433584,primary,,420272917011,
NCT05433584,primary,,49069577028,
NCT05433584,primary,,4923279746787,
NCT05433584,primary,,4920189942100,
NCT05433584,primary,,0049689499881,
NCT05433584,primary,,00493501781523,
NCT05433584,primary,,004943615063012,
NCT05433584,primary,,497931594143,
NCT05433584,primary,,97235028392,
NCT05433584,primary,,97239239082,
NCT05433584,primary,,97289494183,
NCT05433584,primary,,049842020,
NCT05433584,primary,,97248359510,
NCT05433584,primary,,972546883360,
NCT05433584,primary,,972035302021,
NCT05433584,primary,,97248568685,
NCT05433584,primary,,3901194293139,
NCT05433584,primary,,0805478784,
NCT05433584,primary,,3905095103,
NCT05433584,primary,,00390961364,
NCT05433584,primary,,5233361654104,
NCT05433584,primary,,528183483220,
NCT05433584,primary,,526144398618,
NCT05433584,primary,,7877433038,
NCT05433584,primary,,7872781576,
NCT05433584,primary,,7879362100,
NCT05433584,primary,,004072248022,
NCT05433584,primary,,0040762249010,
NCT05433584,primary,,0040212323445,
NCT05433584,primary,,0040241740581,
NCT05433584,primary,,40244523484,
NCT05433584,primary,,0040724405355,
NCT05433584,primary,,40741135808,
NCT05433584,primary,,00421948715530,
NCT05433584,primary,,421903373484,
NCT05433584,primary,,421905154448,
NCT05433584,primary,,421948411118,
NCT05433584,primary,,421907454191,
NCT05433584,primary,,07711326129,
NCT05433584,primary,,01752705090,
NCT05433584,primary,,01482675387,
NCT05433584,primary,,01162586481,
NCT05433584,primary,,01709363950,
NCT05260021,primary,,2056389107,
NCT05260021,primary,,323-361-7116,
NCT05260021,primary,,916-426-1902,
NCT05260021,primary,,8589664032,
NCT05260021,primary,,707-638-5999,
NCT05260021,primary,,720-777-6128,
NCT05260021,primary,,203-785-7421,
NCT05260021,primary,,302-651-5965,
NCT05260021,primary,,8122052475,
NCT05260021,primary,,810-237-1125,
NCT05260021,primary,,3144546051,
NCT05260021,primary,,718-270-4714,
NCT05260021,primary,,315-464-9006,
NCT05260021,primary,,267-426-7037,
NCT05260021,primary,,210-545-4900,
NCT05260021,primary,,0298453171,
NCT05260021,primary,,6165462222,
NCT05260021,primary,,55279993333,
NCT05260021,primary,,554130231252,
NCT05260021,primary,,555435811831,
NCT05260021,primary,,55133372215,
NCT05260021,primary,,551932670023,
NCT05260021,primary,,551933438688,
NCT05260021,primary,,551127370277,
NCT05260021,primary,,1126618833,
NCT05260021,primary,,552135979708,
NCT05260021,primary,,55112776680,
NCT05260021,primary,,551122713450,
NCT05260021,primary,,0241355655,
NCT05260021,primary,,911126593237,
NCT05260021,primary,,919824042688,
NCT05260021,primary,,918197132111,
NCT05260021,primary,,9842244881,
NCT05260021,primary,,07740073634,
NCT05260021,primary,,97286244150,
NCT05260021,primary,,97235305015,
NCT05260021,primary,,97247771606,
NCT05260021,primary,,97226666062,
NCT05260021,primary,,00390815665434,
NCT05260021,primary,,0458127662,
NCT05260021,primary,,52818348897,
NCT05260021,primary,,526144398618,
NCT05260021,primary,,522222657319,
NCT05260021,primary,,2299314102,
